id;type_employeur
56298;Ministère du Travail, de la Santé, des Solidarités et des Familles
57361;Ministère des Armées
52455;Ministère des Armées
52461;Ministère des Armées
55640;Ministère des Armées
52654;Ministère des Armées
52671;Ministère des Armées
56883;Collectivité territoriale (communes, départements, régions, leurs regroupements et leurs établissements)
36724;Collectivité territoriale (communes, départements, régions, leurs regroupements et leurs établissements)
58371;Chambre consulaire
50240;Ministère des Armées
51049;Collectivité territoriale (communes, départements, régions, leurs regroupements et leurs établissements)
37464;Ministère de l'Éducation nationale, de l'Enseignement supérieur et de la Recherche
58040;Fonction publique hospitalière (FPH)
58038;Fonction publique hospitalière (FPH)
58036;Fonction publique hospitalière (FPH)
58037;Fonction publique hospitalière (FPH)
58039;Fonction publique hospitalière (FPH)
47711;Fonction publique hospitalière (FPH)
47713;Fonction publique hospitalière (FPH)
49676;Fonction publique hospitalière (FPH)
49770;Fonction publique hospitalière (FPH)
57926;Fonction publique hospitalière (FPH)
57917;Fonction publique hospitalière (FPH)
57921;Fonction publique hospitalière (FPH)
58078;Fonction publique hospitalière (FPH)
37426;Ministère de l'Éducation nationale, de l'Enseignement supérieur et de la Recherche
39372;Ministère de l'Éducation nationale, de l'Enseignement supérieur et de la Recherche
39373;Ministère de l'Éducation nationale, de l'Enseignement supérieur et de la Recherche
39374;Ministère de l'Éducation nationale, de l'Enseignement supérieur et de la Recherche
39317;Ministère de l'Éducation nationale, de l'Enseignement supérieur et de la Recherche
47527;Ministère de l'Éducation nationale, de l'Enseignement supérieur et de la Recherche
47521;Ministère de l'Éducation nationale, de l'Enseignement supérieur et de la Recherche
47534;Ministère de l'Éducation nationale, de l'Enseignement supérieur et de la Recherche
48716;Ministère de l'Éducation nationale, de l'Enseignement supérieur et de la Recherche
48717;Ministère de l'Éducation nationale, de l'Enseignement supérieur et de la Recherche
48718;Ministère de l'Éducation nationale, de l'Enseignement supérieur et de la Recherche
48719;Ministère de l'Éducation nationale, de l'Enseignement supérieur et de la Recherche
48723;Ministère de l'Éducation nationale, de l'Enseignement supérieur et de la Recherche
48724;Ministère de l'Éducation nationale, de l'Enseignement supérieur et de la Recherche
48725;Ministère de l'Éducation nationale, de l'Enseignement supérieur et de la Recherche
48726;Ministère de l'Éducation nationale, de l'Enseignement supérieur et de la Recherche
39425;Ministère de l'Éducation nationale, de l'Enseignement supérieur et de la Recherche
39410;Ministère de l'Éducation nationale, de l'Enseignement supérieur et de la Recherche
39315;Ministère de l'Éducation nationale, de l'Enseignement supérieur et de la Recherche
55064;Ministère de l'Éducation nationale, de l'Enseignement supérieur et de la Recherche
52663;Collectivité territoriale (communes, départements, régions, leurs regroupements et leurs établissements)
52666;Collectivité territoriale (communes, départements, régions, leurs regroupements et leurs établissements)
37997;Ministère de l'Éducation nationale, de l'Enseignement supérieur et de la Recherche
39523;Ministère de l'Éducation nationale, de l'Enseignement supérieur et de la Recherche
51890;Ministère de l'Éducation nationale, de l'Enseignement supérieur et de la Recherche
51893;Ministère de l'Éducation nationale, de l'Enseignement supérieur et de la Recherche
51895;Ministère de l'Éducation nationale, de l'Enseignement supérieur et de la Recherche
54397;Ministère de l'Éducation nationale, de l'Enseignement supérieur et de la Recherche
37517;Ministère de l'Éducation nationale, de l'Enseignement supérieur et de la Recherche
37515;Ministère de l'Éducation nationale, de l'Enseignement supérieur et de la Recherche
37516;Ministère de l'Éducation nationale, de l'Enseignement supérieur et de la Recherche
47927;Ministère de l'Éducation nationale, de l'Enseignement supérieur et de la Recherche
49265;Ministère de l'Éducation nationale, de l'Enseignement supérieur et de la Recherche
49034;Ministère de l'Éducation nationale, de l'Enseignement supérieur et de la Recherche
49033;Collectivité territoriale (communes, départements, régions, leurs regroupements et leurs établissements)
47678;Ministère de l'Éducation nationale, de l'Enseignement supérieur et de la Recherche
39480;Ministère de l'Éducation nationale, de l'Enseignement supérieur et de la Recherche
37357;Ministère de l'Intérieur
36881;Collectivité territoriale (communes, départements, régions, leurs regroupements et leurs établissements)
50360;Collectivité territoriale (communes, départements, régions, leurs regroupements et leurs établissements)
50317;Collectivité territoriale (communes, départements, régions, leurs regroupements et leurs établissements)
53767;Collectivité territoriale (communes, départements, régions, leurs regroupements et leurs établissements)
53770;Collectivité territoriale (communes, départements, régions, leurs regroupements et leurs établissements)
53745;Collectivité territoriale (communes, départements, régions, leurs regroupements et leurs établissements)
43647;Collectivité territoriale (communes, départements, régions, leurs regroupements et leurs établissements)
36669;Collectivité territoriale (communes, départements, régions, leurs regroupements et leurs établissements)
51532;Ministère de l'Éducation nationale, de l'Enseignement supérieur et de la Recherche
37936;Ministère de l'Éducation nationale, de l'Enseignement supérieur et de la Recherche
51176;Ministère de l'Éducation nationale, de l'Enseignement supérieur et de la Recherche
47879;Collectivité territoriale (communes, départements, régions, leurs regroupements et leurs établissements)
47876;Collectivité territoriale (communes, départements, régions, leurs regroupements et leurs établissements)
50035;Collectivité territoriale (communes, départements, régions, leurs regroupements et leurs établissements)
36738;Collectivité territoriale (communes, départements, régions, leurs regroupements et leurs établissements)
56453;Ministère de l'Éducation nationale, de l'Enseignement supérieur et de la Recherche
49112;Collectivité territoriale (communes, départements, régions, leurs regroupements et leurs établissements)
37131;Collectivité territoriale (communes, départements, régions, leurs regroupements et leurs établissements)
53574;Ministère de l'Éducation nationale, de l'Enseignement supérieur et de la Recherche
57867;Ministère de l'Éducation nationale, de l'Enseignement supérieur et de la Recherche
51649;Ministère de l'Éducation nationale, de l'Enseignement supérieur et de la Recherche
47898;Collectivité territoriale (communes, départements, régions, leurs regroupements et leurs établissements)
47896;Collectivité territoriale (communes, départements, régions, leurs regroupements et leurs établissements)
47897;Collectivité territoriale (communes, départements, régions, leurs regroupements et leurs établissements)
51219;Collectivité territoriale (communes, départements, régions, leurs regroupements et leurs établissements)
52279;Collectivité territoriale (communes, départements, régions, leurs regroupements et leurs établissements)
52965;Collectivité territoriale (communes, départements, régions, leurs regroupements et leurs établissements)
49838;Ministère de l'Éducation nationale, de l'Enseignement supérieur et de la Recherche
48926;Collectivité territoriale (communes, départements, régions, leurs regroupements et leurs établissements)
56636;Collectivité territoriale (communes, départements, régions, leurs regroupements et leurs établissements)
53774;Ministère de la Transition écologique, de la Biodiversité, de la Forêt, de la Mer et de la Pêche
57565;Privé: corriger structure pu/pr
57566;Privé: corriger structure pu/pr
57579;Privé: corriger structure pu/pr
57586;Privé: corriger structure pu/pr
57610;Privé: corriger structure pu/pr
57613;Privé: corriger structure pu/pr
57617;Privé: corriger structure pu/pr
57658;Privé: corriger structure pu/pr
48981;Ministère de la Transition écologique, de la Biodiversité, de la Forêt, de la Mer et de la Pêche
48984;Ministère de la Transition écologique, de la Biodiversité, de la Forêt, de la Mer et de la Pêche
49000;Ministère de la Transition écologique, de la Biodiversité, de la Forêt, de la Mer et de la Pêche
48978;Ministère de la Transition écologique, de la Biodiversité, de la Forêt, de la Mer et de la Pêche
37186;Ministère de l'Intérieur
37185;Ministère de l'Intérieur
36686;Ministère de l'Intérieur
36689;Ministère de l'Intérieur
36692;Ministère de l'Intérieur
58266;Ministère du Travail, de la Santé, des Solidarités et des Familles
48819;Ministère de l'Économie, des Finances et de la Souveraineté industrielle et numérique
53343;Ministère du Travail, de la Santé, des Solidarités et des Familles
57692;Ministère du Travail, de la Santé, des Solidarités et des Familles
50044;Ministère de l'Économie, des Finances et de la Souveraineté industrielle et numérique
48114;Ministère de l'Économie, des Finances et de la Souveraineté industrielle et numérique
38183;Ministère de l'Économie, des Finances et de la Souveraineté industrielle et numérique
54048;Ministère de l'Éducation nationale, de l'Enseignement supérieur et de la Recherche
54451;Ministère de l'Éducation nationale, de l'Enseignement supérieur et de la Recherche
50961;Ministère de l'Éducation nationale, de l'Enseignement supérieur et de la Recherche
53997;Ministère de l'Éducation nationale, de l'Enseignement supérieur et de la Recherche
50959;Ministère de l'Éducation nationale, de l'Enseignement supérieur et de la Recherche
50898;Ministère de l'Éducation nationale, de l'Enseignement supérieur et de la Recherche
50653;Ministère de l'Éducation nationale, de l'Enseignement supérieur et de la Recherche
48642;Ministère de l'Éducation nationale, de l'Enseignement supérieur et de la Recherche
37157;Ministère de l'Éducation nationale, de l'Enseignement supérieur et de la Recherche
47499;Ministère de l'Éducation nationale, de l'Enseignement supérieur et de la Recherche
49409;Ministère de l'Éducation nationale, de l'Enseignement supérieur et de la Recherche
53594;Ministère de l'Éducation nationale, de l'Enseignement supérieur et de la Recherche
39394;Ministère de l'Éducation nationale, de l'Enseignement supérieur et de la Recherche
37434;Ministère de l'Éducation nationale, de l'Enseignement supérieur et de la Recherche
49992;Ministère de l'Éducation nationale, de l'Enseignement supérieur et de la Recherche
49993;Ministère de l'Éducation nationale, de l'Enseignement supérieur et de la Recherche
51268;Ministère de l'Éducation nationale, de l'Enseignement supérieur et de la Recherche
57397;Ministère de l'Éducation nationale, de l'Enseignement supérieur et de la Recherche
52513;Ministère de l'Éducation nationale, de l'Enseignement supérieur et de la Recherche
54372;Ministère de l'Éducation nationale, de l'Enseignement supérieur et de la Recherche
54375;Ministère de l'Éducation nationale, de l'Enseignement supérieur et de la Recherche
57909;Ministère du Travail, de la Santé, des Solidarités et des Familles
50687;Ministère de l'Économie, des Finances et de la Souveraineté industrielle et numérique
50688;Ministère de l'Économie, des Finances et de la Souveraineté industrielle et numérique
47661;Ministère de l'Économie, des Finances et de la Souveraineté industrielle et numérique
47662;Ministère de l'Économie, des Finances et de la Souveraineté industrielle et numérique
47663;Ministère de l'Économie, des Finances et de la Souveraineté industrielle et numérique
49088;Ministère de l'Intérieur
47961;Ministère de l'Éducation nationale, de l'Enseignement supérieur et de la Recherche
49990;Ministère de l'Éducation nationale, de l'Enseignement supérieur et de la Recherche
49122;Ministère de l'Éducation nationale, de l'Enseignement supérieur et de la Recherche
49123;Ministère de l'Éducation nationale, de l'Enseignement supérieur et de la Recherche
49124;Ministère de l'Éducation nationale, de l'Enseignement supérieur et de la Recherche
49125;Ministère de l'Éducation nationale, de l'Enseignement supérieur et de la Recherche
49126;Ministère de l'Éducation nationale, de l'Enseignement supérieur et de la Recherche
49127;Ministère de l'Éducation nationale, de l'Enseignement supérieur et de la Recherche
49128;Ministère de l'Éducation nationale, de l'Enseignement supérieur et de la Recherche
49557;Ministère de l'Éducation nationale, de l'Enseignement supérieur et de la Recherche
48928;Ministère de l'Éducation nationale, de l'Enseignement supérieur et de la Recherche
39258;Ministère de l'Éducation nationale, de l'Enseignement supérieur et de la Recherche
39275;Ministère de l'Éducation nationale, de l'Enseignement supérieur et de la Recherche
48490;Ministère de l'Éducation nationale, de l'Enseignement supérieur et de la Recherche
50159;Ministère de l'Éducation nationale, de l'Enseignement supérieur et de la Recherche
50160;Ministère de l'Éducation nationale, de l'Enseignement supérieur et de la Recherche
55665;Ministère de l'Éducation nationale, de l'Enseignement supérieur et de la Recherche
47994;Ministère de l'Éducation nationale, de l'Enseignement supérieur et de la Recherche
38013;Ministère de l'Éducation nationale, de l'Enseignement supérieur et de la Recherche
38202;Ministère de l'Éducation nationale, de l'Enseignement supérieur et de la Recherche
38210;Ministère de l'Éducation nationale, de l'Enseignement supérieur et de la Recherche
37067;Ministère de l'Éducation nationale, de l'Enseignement supérieur et de la Recherche
37560;Ministère de l'Éducation nationale, de l'Enseignement supérieur et de la Recherche
37079;Ministère de l'Éducation nationale, de l'Enseignement supérieur et de la Recherche
47953;Ministère de l'Éducation nationale, de l'Enseignement supérieur et de la Recherche
37867;Ministère de l'Éducation nationale, de l'Enseignement supérieur et de la Recherche
38199;Ministère de l'Éducation nationale, de l'Enseignement supérieur et de la Recherche
37847;Ministère de l'Éducation nationale, de l'Enseignement supérieur et de la Recherche
38002;Ministère de l'Éducation nationale, de l'Enseignement supérieur et de la Recherche
38003;Ministère de l'Éducation nationale, de l'Enseignement supérieur et de la Recherche
38198;Ministère de l'Éducation nationale, de l'Enseignement supérieur et de la Recherche
47959;Ministère de l'Éducation nationale, de l'Enseignement supérieur et de la Recherche
47960;Ministère de l'Éducation nationale, de l'Enseignement supérieur et de la Recherche
36677;Ministère de l'Éducation nationale, de l'Enseignement supérieur et de la Recherche
36679;Ministère de l'Éducation nationale, de l'Enseignement supérieur et de la Recherche
49623;Ministère de l'Éducation nationale, de l'Enseignement supérieur et de la Recherche
49588;Ministère de l'Éducation nationale, de l'Enseignement supérieur et de la Recherche
49589;Ministère de l'Éducation nationale, de l'Enseignement supérieur et de la Recherche
38200;Ministère de l'Éducation nationale, de l'Enseignement supérieur et de la Recherche
38004;Ministère de l'Éducation nationale, de l'Enseignement supérieur et de la Recherche
38201;Ministère de l'Éducation nationale, de l'Enseignement supérieur et de la Recherche
38196;Ministère de l'Éducation nationale, de l'Enseignement supérieur et de la Recherche
38207;Ministère de l'Éducation nationale, de l'Enseignement supérieur et de la Recherche
54318;Ministère de l'Éducation nationale, de l'Enseignement supérieur et de la Recherche
56674;Collectivité territoriale (communes, départements, régions, leurs regroupements et leurs établissements)
56675;Collectivité territoriale (communes, départements, régions, leurs regroupements et leurs établissements)
56673;Ministère de l'Éducation nationale, de l'Enseignement supérieur et de la Recherche
52707;Ministère de l'Éducation nationale, de l'Enseignement supérieur et de la Recherche
49641;Ministère de l'Éducation nationale, de l'Enseignement supérieur et de la Recherche
52379;Ministère de l'Éducation nationale, de l'Enseignement supérieur et de la Recherche
38142;Ministère de l'Éducation nationale, de l'Enseignement supérieur et de la Recherche
52729;Ministère de l'Éducation nationale, de l'Enseignement supérieur et de la Recherche
48224;Ministère de l'Éducation nationale, de l'Enseignement supérieur et de la Recherche
48227;Ministère de l'Éducation nationale, de l'Enseignement supérieur et de la Recherche
54986;Ministère de l'Éducation nationale, de l'Enseignement supérieur et de la Recherche
55008;Ministère de l'Éducation nationale, de l'Enseignement supérieur et de la Recherche
55021;Ministère de l'Éducation nationale, de l'Enseignement supérieur et de la Recherche
55043;Ministère de l'Éducation nationale, de l'Enseignement supérieur et de la Recherche
55045;Ministère de l'Éducation nationale, de l'Enseignement supérieur et de la Recherche
55071;Ministère de l'Éducation nationale, de l'Enseignement supérieur et de la Recherche
55218;Ministère de l'Éducation nationale, de l'Enseignement supérieur et de la Recherche
55219;Ministère de l'Éducation nationale, de l'Enseignement supérieur et de la Recherche
48420;Ministère de l'Éducation nationale, de l'Enseignement supérieur et de la Recherche
55095;Ministère de l'Éducation nationale, de l'Enseignement supérieur et de la Recherche
55214;Ministère de l'Éducation nationale, de l'Enseignement supérieur et de la Recherche
55215;Ministère de l'Éducation nationale, de l'Enseignement supérieur et de la Recherche
54944;Ministère de l'Éducation nationale, de l'Enseignement supérieur et de la Recherche
53698;Ministère de l'Éducation nationale, de l'Enseignement supérieur et de la Recherche
54998;Ministère de l'Éducation nationale, de l'Enseignement supérieur et de la Recherche
48014;Ministère de l'Éducation nationale, de l'Enseignement supérieur et de la Recherche
42431;Ministère de l'Éducation nationale, de l'Enseignement supérieur et de la Recherche
55154;Ministère de l'Éducation nationale, de l'Enseignement supérieur et de la Recherche
55157;Ministère de l'Éducation nationale, de l'Enseignement supérieur et de la Recherche
55167;Ministère de l'Éducation nationale, de l'Enseignement supérieur et de la Recherche
55168;Ministère de l'Éducation nationale, de l'Enseignement supérieur et de la Recherche
55124;Ministère de l'Éducation nationale, de l'Enseignement supérieur et de la Recherche
55125;Ministère de l'Éducation nationale, de l'Enseignement supérieur et de la Recherche
58163;Ministère de l'Éducation nationale, de l'Enseignement supérieur et de la Recherche
51909;Ministère de l'Éducation nationale, de l'Enseignement supérieur et de la Recherche
52036;Ministère de l'Éducation nationale, de l'Enseignement supérieur et de la Recherche
56123;Ministère de l'Éducation nationale, de l'Enseignement supérieur et de la Recherche
48051;Ministère de l'Éducation nationale, de l'Enseignement supérieur et de la Recherche
37498;Ministère de l'Éducation nationale, de l'Enseignement supérieur et de la Recherche
55104;Ministère de l'Éducation nationale, de l'Enseignement supérieur et de la Recherche
49778;Ministère de l'Éducation nationale, de l'Enseignement supérieur et de la Recherche
54967;Ministère de l'Éducation nationale, de l'Enseignement supérieur et de la Recherche
52520;Ministère de l'Éducation nationale, de l'Enseignement supérieur et de la Recherche
37081;Ministère de l'Éducation nationale, de l'Enseignement supérieur et de la Recherche
51151;Ministère de l'Éducation nationale, de l'Enseignement supérieur et de la Recherche
55210;Ministère de l'Éducation nationale, de l'Enseignement supérieur et de la Recherche
55211;Ministère de l'Éducation nationale, de l'Enseignement supérieur et de la Recherche
38230;Ministère de l'Éducation nationale, de l'Enseignement supérieur et de la Recherche
38231;Ministère de l'Éducation nationale, de l'Enseignement supérieur et de la Recherche
38225;Ministère de l'Éducation nationale, de l'Enseignement supérieur et de la Recherche
38232;Ministère de l'Éducation nationale, de l'Enseignement supérieur et de la Recherche
38234;Ministère de l'Éducation nationale, de l'Enseignement supérieur et de la Recherche
38247;Ministère de l'Éducation nationale, de l'Enseignement supérieur et de la Recherche
58158;Ministère de l'Éducation nationale, de l'Enseignement supérieur et de la Recherche
58155;Ministère de l'Éducation nationale, de l'Enseignement supérieur et de la Recherche
38227;Ministère de l'Éducation nationale, de l'Enseignement supérieur et de la Recherche
38246;Ministère de l'Éducation nationale, de l'Enseignement supérieur et de la Recherche
38222;Ministère de l'Éducation nationale, de l'Enseignement supérieur et de la Recherche
38266;Ministère de l'Éducation nationale, de l'Enseignement supérieur et de la Recherche
38265;Ministère de l'Éducation nationale, de l'Enseignement supérieur et de la Recherche
38260;Ministère de l'Éducation nationale, de l'Enseignement supérieur et de la Recherche
54004;Ministère de l'Éducation nationale, de l'Enseignement supérieur et de la Recherche
48023;Ministère de l'Éducation nationale, de l'Enseignement supérieur et de la Recherche
37064;Ministère de l'Éducation nationale, de l'Enseignement supérieur et de la Recherche
47962;Ministère de l'Éducation nationale, de l'Enseignement supérieur et de la Recherche
52181;Ministère de l'Éducation nationale, de l'Enseignement supérieur et de la Recherche
38191;Ministère de l'Éducation nationale, de l'Enseignement supérieur et de la Recherche
38204;Ministère de l'Éducation nationale, de l'Enseignement supérieur et de la Recherche
38192;Ministère de l'Éducation nationale, de l'Enseignement supérieur et de la Recherche
38205;Ministère de l'Éducation nationale, de l'Enseignement supérieur et de la Recherche
49707;Ministère de l'Éducation nationale, de l'Enseignement supérieur et de la Recherche
38206;Ministère de l'Éducation nationale, de l'Enseignement supérieur et de la Recherche
37084;Ministère de l'Éducation nationale, de l'Enseignement supérieur et de la Recherche
37066;Ministère de l'Éducation nationale, de l'Enseignement supérieur et de la Recherche
37080;Ministère de l'Éducation nationale, de l'Enseignement supérieur et de la Recherche
37843;Ministère de l'Éducation nationale, de l'Enseignement supérieur et de la Recherche
37057;Ministère de l'Éducation nationale, de l'Enseignement supérieur et de la Recherche
37998;Ministère de l'Éducation nationale, de l'Enseignement supérieur et de la Recherche
38000;Ministère de l'Éducation nationale, de l'Enseignement supérieur et de la Recherche
38001;Ministère de l'Éducation nationale, de l'Enseignement supérieur et de la Recherche
38197;Ministère de l'Éducation nationale, de l'Enseignement supérieur et de la Recherche
37059;Ministère de l'Éducation nationale, de l'Enseignement supérieur et de la Recherche
37062;Ministère de l'Éducation nationale, de l'Enseignement supérieur et de la Recherche
37077;Ministère de l'Éducation nationale, de l'Enseignement supérieur et de la Recherche
47967;Ministère de l'Éducation nationale, de l'Enseignement supérieur et de la Recherche
37056;Ministère de l'Éducation nationale, de l'Enseignement supérieur et de la Recherche
47984;Ministère de l'Éducation nationale, de l'Enseignement supérieur et de la Recherche
47957;Ministère de l'Éducation nationale, de l'Enseignement supérieur et de la Recherche
55600;Ministère de l'Éducation nationale, de l'Enseignement supérieur et de la Recherche
37078;Ministère de l'Éducation nationale, de l'Enseignement supérieur et de la Recherche
54828;Ministère de l'Éducation nationale, de l'Enseignement supérieur et de la Recherche
37076;Ministère de l'Éducation nationale, de l'Enseignement supérieur et de la Recherche
56789;Ministère de l'Éducation nationale, de l'Enseignement supérieur et de la Recherche
52621;Ministère de l'Éducation nationale, de l'Enseignement supérieur et de la Recherche
47988;Ministère de l'Éducation nationale, de l'Enseignement supérieur et de la Recherche
37085;Ministère de l'Éducation nationale, de l'Enseignement supérieur et de la Recherche
37075;Ministère de l'Éducation nationale, de l'Enseignement supérieur et de la Recherche
37086;Ministère de l'Éducation nationale, de l'Enseignement supérieur et de la Recherche
53712;Ministère de l'Éducation nationale, de l'Enseignement supérieur et de la Recherche
53714;Ministère de l'Éducation nationale, de l'Enseignement supérieur et de la Recherche
51202;Ministère de l'Éducation nationale, de l'Enseignement supérieur et de la Recherche
37058;Ministère de l'Éducation nationale, de l'Enseignement supérieur et de la Recherche
38193;Ministère de l'Éducation nationale, de l'Enseignement supérieur et de la Recherche
54195;Ministère de l'Éducation nationale, de l'Enseignement supérieur et de la Recherche
48225;Ministère de l'Éducation nationale, de l'Enseignement supérieur et de la Recherche
55020;Ministère de l'Éducation nationale, de l'Enseignement supérieur et de la Recherche
51938;Ministère de l'Éducation nationale, de l'Enseignement supérieur et de la Recherche
53473;Collectivité territoriale (communes, départements, régions, leurs regroupements et leurs établissements)
56536;Ministère de l'Éducation nationale, de l'Enseignement supérieur et de la Recherche
56537;Ministère de l'Éducation nationale, de l'Enseignement supérieur et de la Recherche
58327;Ministère de l'Éducation nationale, de l'Enseignement supérieur et de la Recherche
48012;Ministère de l'Éducation nationale, de l'Enseignement supérieur et de la Recherche
38015;Ministère de l'Éducation nationale, de l'Enseignement supérieur et de la Recherche
38203;Ministère de l'Éducation nationale, de l'Enseignement supérieur et de la Recherche
38208;Ministère de l'Éducation nationale, de l'Enseignement supérieur et de la Recherche
38209;Ministère de l'Éducation nationale, de l'Enseignement supérieur et de la Recherche
56118;Ministère de l'Éducation nationale, de l'Enseignement supérieur et de la Recherche
51210;Ministère de l'Éducation nationale, de l'Enseignement supérieur et de la Recherche
55080;Ministère de l'Éducation nationale, de l'Enseignement supérieur et de la Recherche
57096;Ministère de l'Éducation nationale, de l'Enseignement supérieur et de la Recherche
55139;Ministère de l'Éducation nationale, de l'Enseignement supérieur et de la Recherche
55140;Ministère de l'Éducation nationale, de l'Enseignement supérieur et de la Recherche
58473;Ministère de l'Éducation nationale, de l'Enseignement supérieur et de la Recherche
37906;Ministère de l'Éducation nationale, de l'Enseignement supérieur et de la Recherche
54999;Ministère de l'Éducation nationale, de l'Enseignement supérieur et de la Recherche
55030;Ministère de l'Éducation nationale, de l'Enseignement supérieur et de la Recherche
55031;Ministère de l'Éducation nationale, de l'Enseignement supérieur et de la Recherche
55032;Ministère de l'Éducation nationale, de l'Enseignement supérieur et de la Recherche
55033;Ministère de l'Éducation nationale, de l'Enseignement supérieur et de la Recherche
55171;Ministère de l'Éducation nationale, de l'Enseignement supérieur et de la Recherche
55172;Ministère de l'Éducation nationale, de l'Enseignement supérieur et de la Recherche
51213;Ministère de l'Éducation nationale, de l'Enseignement supérieur et de la Recherche
36710;Ministère de l'Éducation nationale, de l'Enseignement supérieur et de la Recherche
36714;Ministère de l'Éducation nationale, de l'Enseignement supérieur et de la Recherche
55165;Ministère de l'Éducation nationale, de l'Enseignement supérieur et de la Recherche
55166;Ministère de l'Éducation nationale, de l'Enseignement supérieur et de la Recherche
55134;Ministère de l'Éducation nationale, de l'Enseignement supérieur et de la Recherche
55135;Ministère de l'Éducation nationale, de l'Enseignement supérieur et de la Recherche
50597;Ministère de l'Éducation nationale, de l'Enseignement supérieur et de la Recherche
53941;Ministère de l'Éducation nationale, de l'Enseignement supérieur et de la Recherche
48000;Ministère de l'Éducation nationale, de l'Enseignement supérieur et de la Recherche
47997;Ministère de l'Éducation nationale, de l'Enseignement supérieur et de la Recherche
55199;Ministère de l'Éducation nationale, de l'Enseignement supérieur et de la Recherche
55201;Ministère de l'Éducation nationale, de l'Enseignement supérieur et de la Recherche
52442;Ministère de l'Éducation nationale, de l'Enseignement supérieur et de la Recherche
55196;Ministère de l'Éducation nationale, de l'Enseignement supérieur et de la Recherche
55197;Ministère de l'Éducation nationale, de l'Enseignement supérieur et de la Recherche
55075;Ministère de l'Éducation nationale, de l'Enseignement supérieur et de la Recherche
48421;Ministère de l'Éducation nationale, de l'Enseignement supérieur et de la Recherche
54943;Ministère de l'Éducation nationale, de l'Enseignement supérieur et de la Recherche
48015;Ministère de l'Éducation nationale, de l'Enseignement supérieur et de la Recherche
37082;Ministère de l'Éducation nationale, de l'Enseignement supérieur et de la Recherche
48006;Ministère de l'Éducation nationale, de l'Enseignement supérieur et de la Recherche
48009;Ministère de l'Éducation nationale, de l'Enseignement supérieur et de la Recherche
55182;Ministère de l'Éducation nationale, de l'Enseignement supérieur et de la Recherche
55183;Ministère de l'Éducation nationale, de l'Enseignement supérieur et de la Recherche
51634;Ministère de l'Éducation nationale, de l'Enseignement supérieur et de la Recherche
49104;Ministère de l'Éducation nationale, de l'Enseignement supérieur et de la Recherche
38228;Ministère de l'Éducation nationale, de l'Enseignement supérieur et de la Recherche
38249;Ministère de l'Éducation nationale, de l'Enseignement supérieur et de la Recherche
38261;Ministère de l'Éducation nationale, de l'Enseignement supérieur et de la Recherche
48022;Ministère de l'Éducation nationale, de l'Enseignement supérieur et de la Recherche
50676;Ministère de l'Éducation nationale, de l'Enseignement supérieur et de la Recherche
48020;Ministère de l'Éducation nationale, de l'Enseignement supérieur et de la Recherche
48016;Ministère de l'Éducation nationale, de l'Enseignement supérieur et de la Recherche
54149;Ministère de l'Éducation nationale, de l'Enseignement supérieur et de la Recherche
57850;Ministère de l'Éducation nationale, de l'Enseignement supérieur et de la Recherche
58010;Ministère de l'Éducation nationale, de l'Enseignement supérieur et de la Recherche
48011;Ministère de l'Éducation nationale, de l'Enseignement supérieur et de la Recherche
53007;Ministère de l'Éducation nationale, de l'Enseignement supérieur et de la Recherche
37868;Ministère de l'Éducation nationale, de l'Enseignement supérieur et de la Recherche
37869;Ministère de l'Éducation nationale, de l'Enseignement supérieur et de la Recherche
37870;Ministère de l'Éducation nationale, de l'Enseignement supérieur et de la Recherche
37871;Ministère de l'Éducation nationale, de l'Enseignement supérieur et de la Recherche
56684;Ministère de l'Éducation nationale, de l'Enseignement supérieur et de la Recherche
54957;Ministère de l'Éducation nationale, de l'Enseignement supérieur et de la Recherche
54959;Ministère de l'Éducation nationale, de l'Enseignement supérieur et de la Recherche
54968;Ministère de l'Éducation nationale, de l'Enseignement supérieur et de la Recherche
54991;Ministère de l'Éducation nationale, de l'Enseignement supérieur et de la Recherche
54993;Ministère de l'Éducation nationale, de l'Enseignement supérieur et de la Recherche
54994;Ministère de l'Éducation nationale, de l'Enseignement supérieur et de la Recherche
54995;Ministère de l'Éducation nationale, de l'Enseignement supérieur et de la Recherche
55001;Ministère de l'Éducation nationale, de l'Enseignement supérieur et de la Recherche
55002;Ministère de l'Éducation nationale, de l'Enseignement supérieur et de la Recherche
55005;Ministère de l'Éducation nationale, de l'Enseignement supérieur et de la Recherche
55010;Ministère de l'Éducation nationale, de l'Enseignement supérieur et de la Recherche
55016;Ministère de l'Éducation nationale, de l'Enseignement supérieur et de la Recherche
55018;Ministère de l'Éducation nationale, de l'Enseignement supérieur et de la Recherche
55047;Ministère de l'Éducation nationale, de l'Enseignement supérieur et de la Recherche
55073;Ministère de l'Éducation nationale, de l'Enseignement supérieur et de la Recherche
54272;Ministère de l'Éducation nationale, de l'Enseignement supérieur et de la Recherche
52134;Ministère de l'Éducation nationale, de l'Enseignement supérieur et de la Recherche
50270;Ministère de l'Éducation nationale, de l'Enseignement supérieur et de la Recherche
37655;Ministère de l'Éducation nationale, de l'Enseignement supérieur et de la Recherche
54962;Ministère de l'Éducation nationale, de l'Enseignement supérieur et de la Recherche
54964;Ministère de l'Éducation nationale, de l'Enseignement supérieur et de la Recherche
47949;Ministère de l'Éducation nationale, de l'Enseignement supérieur et de la Recherche
38226;Ministère de l'Éducation nationale, de l'Enseignement supérieur et de la Recherche
54321;Ministère de l'Éducation nationale, de l'Enseignement supérieur et de la Recherche
56843;Ministère de l'Éducation nationale, de l'Enseignement supérieur et de la Recherche
55053;Ministère de l'Éducation nationale, de l'Enseignement supérieur et de la Recherche
50793;Ministère de l'Éducation nationale, de l'Enseignement supérieur et de la Recherche
54467;Ministère de l'Éducation nationale, de l'Enseignement supérieur et de la Recherche
51078;Ministère de l'Éducation nationale, de l'Enseignement supérieur et de la Recherche
55055;Ministère de l'Éducation nationale, de l'Enseignement supérieur et de la Recherche
56113;Ministère de l'Éducation nationale, de l'Enseignement supérieur et de la Recherche
53469;Ministère de l'Éducation nationale, de l'Enseignement supérieur et de la Recherche
55051;Ministère de l'Éducation nationale, de l'Enseignement supérieur et de la Recherche
47925;Ministère de l'Éducation nationale, de l'Enseignement supérieur et de la Recherche
52687;Ministère de l'Éducation nationale, de l'Enseignement supérieur et de la Recherche
55013;Ministère de l'Éducation nationale, de l'Enseignement supérieur et de la Recherche
52430;Ministère de l'Éducation nationale, de l'Enseignement supérieur et de la Recherche
55185;Ministère de l'Éducation nationale, de l'Enseignement supérieur et de la Recherche
55187;Ministère de l'Éducation nationale, de l'Enseignement supérieur et de la Recherche
56245;Ministère de l'Éducation nationale, de l'Enseignement supérieur et de la Recherche
56246;Ministère de l'Éducation nationale, de l'Enseignement supérieur et de la Recherche
54966;Ministère de l'Éducation nationale, de l'Enseignement supérieur et de la Recherche
55203;Ministère de l'Éducation nationale, de l'Enseignement supérieur et de la Recherche
55204;Ministère de l'Éducation nationale, de l'Enseignement supérieur et de la Recherche
58101;Ministère de l'Éducation nationale, de l'Enseignement supérieur et de la Recherche
58103;Ministère de l'Éducation nationale, de l'Enseignement supérieur et de la Recherche
55190;Ministère de l'Éducation nationale, de l'Enseignement supérieur et de la Recherche
55193;Ministère de l'Éducation nationale, de l'Enseignement supérieur et de la Recherche
51682;Ministère de l'Éducation nationale, de l'Enseignement supérieur et de la Recherche
54960;Ministère de l'Éducation nationale, de l'Enseignement supérieur et de la Recherche
54760;Ministère de l'Éducation nationale, de l'Enseignement supérieur et de la Recherche
48165;Ministère de l'Éducation nationale, de l'Enseignement supérieur et de la Recherche
38229;Ministère de l'Éducation nationale, de l'Enseignement supérieur et de la Recherche
38252;Ministère de l'Éducation nationale, de l'Enseignement supérieur et de la Recherche
38254;Ministère de l'Éducation nationale, de l'Enseignement supérieur et de la Recherche
38255;Ministère de l'Éducation nationale, de l'Enseignement supérieur et de la Recherche
38256;Ministère de l'Éducation nationale, de l'Enseignement supérieur et de la Recherche
52780;Ministère de l'Éducation nationale, de l'Enseignement supérieur et de la Recherche
38268;Ministère de l'Éducation nationale, de l'Enseignement supérieur et de la Recherche
38262;Ministère de l'Éducation nationale, de l'Enseignement supérieur et de la Recherche
38235;Ministère de l'Éducation nationale, de l'Enseignement supérieur et de la Recherche
38236;Ministère de l'Éducation nationale, de l'Enseignement supérieur et de la Recherche
38237;Ministère de l'Éducation nationale, de l'Enseignement supérieur et de la Recherche
38238;Ministère de l'Éducation nationale, de l'Enseignement supérieur et de la Recherche
38250;Ministère de l'Éducation nationale, de l'Enseignement supérieur et de la Recherche
38251;Ministère de l'Éducation nationale, de l'Enseignement supérieur et de la Recherche
38239;Ministère de l'Éducation nationale, de l'Enseignement supérieur et de la Recherche
38224;Ministère de l'Éducation nationale, de l'Enseignement supérieur et de la Recherche
38240;Ministère de l'Éducation nationale, de l'Enseignement supérieur et de la Recherche
38242;Ministère de l'Éducation nationale, de l'Enseignement supérieur et de la Recherche
38243;Ministère de l'Éducation nationale, de l'Enseignement supérieur et de la Recherche
38264;Ministère de l'Éducation nationale, de l'Enseignement supérieur et de la Recherche
38244;Ministère de l'Éducation nationale, de l'Enseignement supérieur et de la Recherche
38245;Ministère de l'Éducation nationale, de l'Enseignement supérieur et de la Recherche
38259;Ministère de l'Éducation nationale, de l'Enseignement supérieur et de la Recherche
57897;Ministère de l'Éducation nationale, de l'Enseignement supérieur et de la Recherche
55194;Ministère de l'Éducation nationale, de l'Enseignement supérieur et de la Recherche
55195;Ministère de l'Éducation nationale, de l'Enseignement supérieur et de la Recherche
53474;Ministère de l'Éducation nationale, de l'Enseignement supérieur et de la Recherche
48559;Ministère de l'Éducation nationale, de l'Enseignement supérieur et de la Recherche
50070;Ministère de l'Éducation nationale, de l'Enseignement supérieur et de la Recherche
51222;Ministère de l'Éducation nationale, de l'Enseignement supérieur et de la Recherche
51966;Ministère de l'Éducation nationale, de l'Enseignement supérieur et de la Recherche
51970;Ministère de l'Éducation nationale, de l'Enseignement supérieur et de la Recherche
51977;Ministère de l'Éducation nationale, de l'Enseignement supérieur et de la Recherche
54311;Ministère de l'Éducation nationale, de l'Enseignement supérieur et de la Recherche
51918;Ministère de l'Éducation nationale, de l'Enseignement supérieur et de la Recherche
51541;Ministère de l'Éducation nationale, de l'Enseignement supérieur et de la Recherche
55375;Ministère de l'Éducation nationale, de l'Enseignement supérieur et de la Recherche
51972;Ministère de l'Éducation nationale, de l'Enseignement supérieur et de la Recherche
58309;Ministère de l'Éducation nationale, de l'Enseignement supérieur et de la Recherche
56849;Ministère de l'Éducation nationale, de l'Enseignement supérieur et de la Recherche
53166;Ministère de l'Éducation nationale, de l'Enseignement supérieur et de la Recherche
53168;Ministère de l'Éducation nationale, de l'Enseignement supérieur et de la Recherche
37083;Ministère de l'Éducation nationale, de l'Enseignement supérieur et de la Recherche
53676;Ministère de l'Éducation nationale, de l'Enseignement supérieur et de la Recherche
37065;Ministère de l'Éducation nationale, de l'Enseignement supérieur et de la Recherche
47989;Ministère de l'Éducation nationale, de l'Enseignement supérieur et de la Recherche
48017;Ministère de l'Éducation nationale, de l'Enseignement supérieur et de la Recherche
48019;Ministère de l'Éducation nationale, de l'Enseignement supérieur et de la Recherche
56344;Ministère de l'Éducation nationale, de l'Enseignement supérieur et de la Recherche
48021;Ministère de l'Éducation nationale, de l'Enseignement supérieur et de la Recherche
56644;Ministère de l'Éducation nationale, de l'Enseignement supérieur et de la Recherche
54940;Ministère de l'Éducation nationale, de l'Enseignement supérieur et de la Recherche
55022;Ministère de l'Éducation nationale, de l'Enseignement supérieur et de la Recherche
52760;Ministère de l'Éducation nationale, de l'Enseignement supérieur et de la Recherche
49769;Fonction publique hospitalière (FPH)
53321;Ministère de l'Éducation nationale, de l'Enseignement supérieur et de la Recherche
53322;Ministère de l'Éducation nationale, de l'Enseignement supérieur et de la Recherche
38066;Ministère de l'Intérieur
37706;Ministère de l'Éducation nationale, de l'Enseignement supérieur et de la Recherche
57391;Ministère de l'Éducation nationale, de l'Enseignement supérieur et de la Recherche
57721;Ministère de l'Éducation nationale, de l'Enseignement supérieur et de la Recherche
57722;Ministère de l'Éducation nationale, de l'Enseignement supérieur et de la Recherche
57723;Ministère de l'Éducation nationale, de l'Enseignement supérieur et de la Recherche
57724;Ministère de l'Éducation nationale, de l'Enseignement supérieur et de la Recherche
57725;Ministère de l'Éducation nationale, de l'Enseignement supérieur et de la Recherche
54230;Ministère de l'Éducation nationale, de l'Enseignement supérieur et de la Recherche
56430;Ministère du Travail, de la Santé, des Solidarités et des Familles
55870;Ministère du Travail, de la Santé, des Solidarités et des Familles
52130;Ministère du Travail, de la Santé, des Solidarités et des Familles
55999;Ministère du Travail, de la Santé, des Solidarités et des Familles
55957;Ministère du Travail, de la Santé, des Solidarités et des Familles
52128;Ministère du Travail, de la Santé, des Solidarités et des Familles
56001;Ministère du Travail, de la Santé, des Solidarités et des Familles
56000;Ministère du Travail, de la Santé, des Solidarités et des Familles
52127;Ministère du Travail, de la Santé, des Solidarités et des Familles
52126;Ministère du Travail, de la Santé, des Solidarités et des Familles
55955;Ministère du Travail, de la Santé, des Solidarités et des Familles
52040;Ministère du Travail, de la Santé, des Solidarités et des Familles
52020;Ministère du Travail, de la Santé, des Solidarités et des Familles
52041;Ministère du Travail, de la Santé, des Solidarités et des Familles
52046;Ministère du Travail, de la Santé, des Solidarités et des Familles
52043;Ministère du Travail, de la Santé, des Solidarités et des Familles
52044;Ministère du Travail, de la Santé, des Solidarités et des Familles
52504;Ministère du Travail, de la Santé, des Solidarités et des Familles
52626;Ministère du Travail, de la Santé, des Solidarités et des Familles
58112;Ministère du Travail, de la Santé, des Solidarités et des Familles
48289;Ministère du Travail, de la Santé, des Solidarités et des Familles
48290;Ministère du Travail, de la Santé, des Solidarités et des Familles
48291;Ministère du Travail, de la Santé, des Solidarités et des Familles
48292;Ministère du Travail, de la Santé, des Solidarités et des Familles
48293;Ministère du Travail, de la Santé, des Solidarités et des Familles
48294;Ministère du Travail, de la Santé, des Solidarités et des Familles
48295;Ministère du Travail, de la Santé, des Solidarités et des Familles
48296;Ministère du Travail, de la Santé, des Solidarités et des Familles
48297;Ministère du Travail, de la Santé, des Solidarités et des Familles
48298;Ministère du Travail, de la Santé, des Solidarités et des Familles
48299;Ministère du Travail, de la Santé, des Solidarités et des Familles
48300;Ministère du Travail, de la Santé, des Solidarités et des Familles
48301;Ministère du Travail, de la Santé, des Solidarités et des Familles
48302;Ministère du Travail, de la Santé, des Solidarités et des Familles
48304;Ministère du Travail, de la Santé, des Solidarités et des Familles
48305;Ministère du Travail, de la Santé, des Solidarités et des Familles
48306;Ministère du Travail, de la Santé, des Solidarités et des Familles
48307;Ministère du Travail, de la Santé, des Solidarités et des Familles
48308;Ministère du Travail, de la Santé, des Solidarités et des Familles
48309;Ministère du Travail, de la Santé, des Solidarités et des Familles
48310;Ministère du Travail, de la Santé, des Solidarités et des Familles
48311;Ministère du Travail, de la Santé, des Solidarités et des Familles
48312;Ministère du Travail, de la Santé, des Solidarités et des Familles
48314;Ministère du Travail, de la Santé, des Solidarités et des Familles
48316;Ministère du Travail, de la Santé, des Solidarités et des Familles
48317;Ministère du Travail, de la Santé, des Solidarités et des Familles
48318;Ministère du Travail, de la Santé, des Solidarités et des Familles
48320;Ministère du Travail, de la Santé, des Solidarités et des Familles
48321;Ministère du Travail, de la Santé, des Solidarités et des Familles
48322;Ministère du Travail, de la Santé, des Solidarités et des Familles
48323;Ministère du Travail, de la Santé, des Solidarités et des Familles
48325;Ministère du Travail, de la Santé, des Solidarités et des Familles
48326;Ministère du Travail, de la Santé, des Solidarités et des Familles
48328;Ministère du Travail, de la Santé, des Solidarités et des Familles
48329;Ministère du Travail, de la Santé, des Solidarités et des Familles
49400;Ministère du Travail, de la Santé, des Solidarités et des Familles
48230;Ministère du Travail, de la Santé, des Solidarités et des Familles
48231;Ministère du Travail, de la Santé, des Solidarités et des Familles
48232;Ministère du Travail, de la Santé, des Solidarités et des Familles
48233;Ministère du Travail, de la Santé, des Solidarités et des Familles
48234;Ministère du Travail, de la Santé, des Solidarités et des Familles
48235;Ministère du Travail, de la Santé, des Solidarités et des Familles
48236;Ministère du Travail, de la Santé, des Solidarités et des Familles
48237;Ministère du Travail, de la Santé, des Solidarités et des Familles
48238;Ministère du Travail, de la Santé, des Solidarités et des Familles
48239;Ministère du Travail, de la Santé, des Solidarités et des Familles
48240;Ministère du Travail, de la Santé, des Solidarités et des Familles
48241;Ministère du Travail, de la Santé, des Solidarités et des Familles
48242;Ministère du Travail, de la Santé, des Solidarités et des Familles
48244;Ministère du Travail, de la Santé, des Solidarités et des Familles
48246;Ministère du Travail, de la Santé, des Solidarités et des Familles
48247;Ministère du Travail, de la Santé, des Solidarités et des Familles
48248;Ministère du Travail, de la Santé, des Solidarités et des Familles
48250;Ministère du Travail, de la Santé, des Solidarités et des Familles
48253;Ministère du Travail, de la Santé, des Solidarités et des Familles
48254;Ministère du Travail, de la Santé, des Solidarités et des Familles
48255;Ministère du Travail, de la Santé, des Solidarités et des Familles
48257;Ministère du Travail, de la Santé, des Solidarités et des Familles
48258;Ministère du Travail, de la Santé, des Solidarités et des Familles
48261;Ministère du Travail, de la Santé, des Solidarités et des Familles
48263;Ministère du Travail, de la Santé, des Solidarités et des Familles
48268;Ministère du Travail, de la Santé, des Solidarités et des Familles
48271;Ministère du Travail, de la Santé, des Solidarités et des Familles
48273;Ministère du Travail, de la Santé, des Solidarités et des Familles
48275;Ministère du Travail, de la Santé, des Solidarités et des Familles
48276;Ministère du Travail, de la Santé, des Solidarités et des Familles
48279;Ministère du Travail, de la Santé, des Solidarités et des Familles
48281;Ministère du Travail, de la Santé, des Solidarités et des Familles
48282;Ministère du Travail, de la Santé, des Solidarités et des Familles
48284;Ministère du Travail, de la Santé, des Solidarités et des Familles
48285;Ministère du Travail, de la Santé, des Solidarités et des Familles
48286;Ministère du Travail, de la Santé, des Solidarités et des Familles
48287;Ministère du Travail, de la Santé, des Solidarités et des Familles
53555;Ministère du Travail, de la Santé, des Solidarités et des Familles
53563;Ministère du Travail, de la Santé, des Solidarités et des Familles
53408;Ministère du Travail, de la Santé, des Solidarités et des Familles
53394;Ministère du Travail, de la Santé, des Solidarités et des Familles
53413;Ministère du Travail, de la Santé, des Solidarités et des Familles
53410;Ministère du Travail, de la Santé, des Solidarités et des Familles
53415;Ministère du Travail, de la Santé, des Solidarités et des Familles
53395;Ministère du Travail, de la Santé, des Solidarités et des Familles
53396;Ministère du Travail, de la Santé, des Solidarités et des Familles
56596;Ministère du Travail, de la Santé, des Solidarités et des Familles
50237;Ministère du Travail, de la Santé, des Solidarités et des Familles
53578;Ministère du Travail, de la Santé, des Solidarités et des Familles
47562;Ministère du Travail, de la Santé, des Solidarités et des Familles
47551;Ministère du Travail, de la Santé, des Solidarités et des Familles
57853;Ministère de l'Éducation nationale, de l'Enseignement supérieur et de la Recherche
51205;Ministère de l'Éducation nationale, de l'Enseignement supérieur et de la Recherche
54293;Ministère de l'Éducation nationale, de l'Enseignement supérieur et de la Recherche
49093;Ministère de l'Éducation nationale, de l'Enseignement supérieur et de la Recherche
55059;0
37528;Ministère de l'Éducation nationale, de l'Enseignement supérieur et de la Recherche
37523;Ministère de l'Éducation nationale, de l'Enseignement supérieur et de la Recherche
37540;Ministère de l'Éducation nationale, de l'Enseignement supérieur et de la Recherche
37518;Ministère de l'Éducation nationale, de l'Enseignement supérieur et de la Recherche
36817;Ministère de l'Éducation nationale, de l'Enseignement supérieur et de la Recherche
54729;Ministère de l'Éducation nationale, de l'Enseignement supérieur et de la Recherche
57476;Ministère de l'Éducation nationale, de l'Enseignement supérieur et de la Recherche
57481;Collectivité territoriale (communes, départements, régions, leurs regroupements et leurs établissements)
57465;Ministère de l'Éducation nationale, de l'Enseignement supérieur et de la Recherche
57472;Ministère de l'Éducation nationale, de l'Enseignement supérieur et de la Recherche
57489;Collectivité territoriale (communes, départements, régions, leurs regroupements et leurs établissements)
58503;Collectivité territoriale (communes, départements, régions, leurs regroupements et leurs établissements)
58508;Collectivité territoriale (communes, départements, régions, leurs regroupements et leurs établissements)
58479;Collectivité territoriale (communes, départements, régions, leurs regroupements et leurs établissements)
58499;Collectivité territoriale (communes, départements, régions, leurs regroupements et leurs établissements)
58472;Collectivité territoriale (communes, départements, régions, leurs regroupements et leurs établissements)
37493;Collectivité territoriale (communes, départements, régions, leurs regroupements et leurs établissements)
49242;Collectivité territoriale (communes, départements, régions, leurs regroupements et leurs établissements)
57567;Ministère des Armées
58157;Ministère de l'Éducation nationale, de l'Enseignement supérieur et de la Recherche
56545;Ministère de l'Éducation nationale, de l'Enseignement supérieur et de la Recherche
58240;Ministère de l'Éducation nationale, de l'Enseignement supérieur et de la Recherche
57509;Ministère de l'Éducation nationale, de l'Enseignement supérieur et de la Recherche
55502;Ministère de l'Éducation nationale, de l'Enseignement supérieur et de la Recherche
54681;Collectivité territoriale (communes, départements, régions, leurs regroupements et leurs établissements)
58288;Ministère de la Culture
58385;Ministère de la Culture
39461;Ministère de l'Éducation nationale, de l'Enseignement supérieur et de la Recherche
57299;Ministère de l'Europe et des Affaires étrangères
49247;Ministère de l'Éducation nationale, de l'Enseignement supérieur et de la Recherche
56109;Ministère de l'Éducation nationale, de l'Enseignement supérieur et de la Recherche
50989;Collectivité territoriale (communes, départements, régions, leurs regroupements et leurs établissements)
59036;Collectivité territoriale (communes, départements, régions, leurs regroupements et leurs établissements)
59039;Collectivité territoriale (communes, départements, régions, leurs regroupements et leurs établissements)
59022;Collectivité territoriale (communes, départements, régions, leurs regroupements et leurs établissements)
59028;Collectivité territoriale (communes, départements, régions, leurs regroupements et leurs établissements)
59032;Collectivité territoriale (communes, départements, régions, leurs regroupements et leurs établissements)
59044;Collectivité territoriale (communes, départements, régions, leurs regroupements et leurs établissements)
59024;Collectivité territoriale (communes, départements, régions, leurs regroupements et leurs établissements)
59023;Collectivité territoriale (communes, départements, régions, leurs regroupements et leurs établissements)
59027;Collectivité territoriale (communes, départements, régions, leurs regroupements et leurs établissements)
57554;Ministère de l'Intérieur
57555;Ministère de l'Intérieur
57251;Ministère de l'Intérieur
38305;Ministère de l'Éducation nationale, de l'Enseignement supérieur et de la Recherche
49430;Ministère de l'Éducation nationale, de l'Enseignement supérieur et de la Recherche
49432;Ministère de l'Éducation nationale, de l'Enseignement supérieur et de la Recherche
49279;Ministère de l'Éducation nationale, de l'Enseignement supérieur et de la Recherche
49643;Ministère de l'Éducation nationale, de l'Enseignement supérieur et de la Recherche
48682;Ministère de l'Éducation nationale, de l'Enseignement supérieur et de la Recherche
39254;Ministère de l'Éducation nationale, de l'Enseignement supérieur et de la Recherche
39253;Ministère de l'Éducation nationale, de l'Enseignement supérieur et de la Recherche
39245;Ministère de l'Éducation nationale, de l'Enseignement supérieur et de la Recherche
39246;Ministère de l'Éducation nationale, de l'Enseignement supérieur et de la Recherche
39251;Ministère de l'Éducation nationale, de l'Enseignement supérieur et de la Recherche
39249;Ministère de l'Éducation nationale, de l'Enseignement supérieur et de la Recherche
39250;Ministère de l'Éducation nationale, de l'Enseignement supérieur et de la Recherche
39256;Ministère de l'Éducation nationale, de l'Enseignement supérieur et de la Recherche
48815;Ministère de l'Éducation nationale, de l'Enseignement supérieur et de la Recherche
56452;Ministère de l'Éducation nationale, de l'Enseignement supérieur et de la Recherche
49289;Ministère de l'Éducation nationale, de l'Enseignement supérieur et de la Recherche
53952;Collectivité territoriale (communes, départements, régions, leurs regroupements et leurs établissements)
51784;Collectivité territoriale (communes, départements, régions, leurs regroupements et leurs établissements)
55570;Collectivité territoriale (communes, départements, régions, leurs regroupements et leurs établissements)
55170;Ministère de l'Éducation nationale, de l'Enseignement supérieur et de la Recherche
50852;Privé: corriger structure pu/pr
50455;Ministère de l'Intérieur
50456;Ministère de l'Intérieur
37703;Ministère de l'Éducation nationale, de l'Enseignement supérieur et de la Recherche
58301;Ministère de l'Éducation nationale, de l'Enseignement supérieur et de la Recherche
52618;Ministère de l'Éducation nationale, de l'Enseignement supérieur et de la Recherche
53455;Ministère de la Justice
36997;Ministère de l'Éducation nationale, de l'Enseignement supérieur et de la Recherche
